DraftYear,Pick,Player,PlayerID,RookieSeason,PER,WS,NBA_Source_URL,Draft_Source_URL
2018,1,Deandre Ayton,aytonde01,2018-19,20.5,5.8,https://www.basketball-reference.com/leagues/NBA_2019_advanced.html,https://www.basketball-reference.com/draft/NBA_2018.html
2018,2,Marvin Bagley III,baglema01,2018-19,18.9,3.6,https://www.basketball-reference.com/leagues/NBA_2019_advanced.html,https://www.basketball-reference.com/draft/NBA_2018.html
2018,3,Luka Dončić,doncilu01,2018-19,19.6,4.9,https://www.basketball-reference.com/leagues/NBA_2019_advanced.html,https://www.basketball-reference.com/draft/NBA_2018.html
2018,4,Jaren Jackson Jr.,jacksja02,2018-19,16.4,3.3,https://www.basketball-reference.com/leagues/NBA_2019_advanced.html,https://www.basketball-reference.com/draft/NBA_2018.html
2018,5,Trae Young,youngtr01,2018-19,17.0,3.3,https://www.basketball-reference.com/leagues/NBA_2019_advanced.html,https://www.basketball-reference.com/draft/NBA_2018.html
2018,6,Mo Bamba,bambamo01,2018-19,14.9,1.7,https://www.basketball-reference.com/leagues/NBA_2019_advanced.html,https://www.basketball-reference.com/draft/NBA_2018.html
2018,7,Wendell Carter Jr.,cartewe01,2018-19,15.2,1.9,https://www.basketball-reference.com/leagues/NBA_2019_advanced.html,https://www.basketball-reference.com/draft/NBA_2018.html
2018,8,Collin Sexton,sextoco01,2018-19,12.0,-0.6,https://www.basketball-reference.com/leagues/NBA_2019_advanced.html,https://www.basketball-reference.com/draft/NBA_2018.html
2018,9,Kevin Knox,knoxke01,2018-19,8.7,-1.3,https://www.basketball-reference.com/leagues/NBA_2019_advanced.html,https://www.basketball-reference.com/draft/NBA_2018.html
2018,10,Mikal Bridges,bridgmi01,2018-19,10.8,2.9,https://www.basketball-reference.com/leagues/NBA_2019_advanced.html,https://www.basketball-reference.com/draft/NBA_2018.html
2018,11,Shai Gilgeous-Alexander,gilgesh01,2018-19,13.4,3.3,https://www.basketball-reference.com/leagues/NBA_2019_advanced.html,https://www.basketball-reference.com/draft/NBA_2018.html
2018,12,Miles Bridges,bridgmi02,2018-19,13.1,2.9,https://www.basketball-reference.com/leagues/NBA_2019_advanced.html,https://www.basketball-reference.com/draft/NBA_2018.html
2018,13,Jerome Robinson,robinje01,2018-19,7.2,0.1,https://www.basketball-reference.com/leagues/NBA_2019_advanced.html,https://www.basketball-reference.com/draft/NBA_2018.html
2018,14,Michael Porter Jr.,portemi01,2019-20,19.8,2.9,https://www.basketball-reference.com/leagues/NBA_2020_advanced.html,https://www.basketball-reference.com/draft/NBA_2018.html
2018,15,Troy Brown Jr.,browntr01,2018-19,11.1,0.6,https://www.basketball-reference.com/leagues/NBA_2019_advanced.html,https://www.basketball-reference.com/draft/NBA_2018.html
2018,16,Zhaire Smith,smithzh01,2018-19,9.5,0.1,https://www.basketball-reference.com/leagues/NBA_2019_advanced.html,https://www.basketball-reference.com/draft/NBA_2018.html
2018,17,Donte DiVincenzo,divindo01,2018-19,9.1,0.6,https://www.basketball-reference.com/leagues/NBA_2019_advanced.html,https://www.basketball-reference.com/draft/NBA_2018.html
2018,18,Lonnie Walker IV,walkelo01,2018-19,10.8,0.0,https://www.basketball-reference.com/leagues/NBA_2019_advanced.html,https://www.basketball-reference.com/draft/NBA_2018.html
2018,19,Kevin Huerter,huertke01,2018-19,10.1,1.5,https://www.basketball-reference.com/leagues/NBA_2019_advanced.html,https://www.basketball-reference.com/draft/NBA_2018.html
2018,20,Josh Okogie,okogijo01,2018-19,9.4,1.2,https://www.basketball-reference.com/leagues/NBA_2019_advanced.html,https://www.basketball-reference.com/draft/NBA_2018.html
2018,21,Grayson Allen,allengr01,2018-19,7.5,0.0,https://www.basketball-reference.com/leagues/NBA_2019_advanced.html,https://www.basketball-reference.com/draft/NBA_2018.html
2018,22,Chandler Hutchison,hutchch01,2018-19,8.8,0.6,https://www.basketball-reference.com/leagues/NBA_2019_advanced.html,https://www.basketball-reference.com/draft/NBA_2018.html
2018,23,Aaron Holiday,holidaa01,2018-19,11.9,0.9,https://www.basketball-reference.com/leagues/NBA_2019_advanced.html,https://www.basketball-reference.com/draft/NBA_2018.html
2018,24,Anfernee Simons,simonan01,2018-19,11.1,0.1,https://www.basketball-reference.com/leagues/NBA_2019_advanced.html,https://www.basketball-reference.com/draft/NBA_2018.html
2018,25,Moritz Wagner,wagnemo01,2018-19,10.1,0.2,https://www.basketball-reference.com/leagues/NBA_2019_advanced.html,https://www.basketball-reference.com/draft/NBA_2018.html
2018,26,Landry Shamet,shamela01,2018-19,11.0,3.6,https://www.basketball-reference.com/leagues/NBA_2019_advanced.html,https://www.basketball-reference.com/draft/NBA_2018.html
2018,27,Robert Williams,williro04,2018-19,18.8,1.2,https://www.basketball-reference.com/leagues/NBA_2019_advanced.html,https://www.basketball-reference.com/draft/NBA_2018.html
2018,28,Jacob Evans,evansja02,2018-19,3.5,-0.1,https://www.basketball-reference.com/leagues/NBA_2019_advanced.html,https://www.basketball-reference.com/draft/NBA_2018.html
2018,29,Džanan Musa,musadz01,2018-19,5.8,-0.1,https://www.basketball-reference.com/leagues/NBA_2019_advanced.html,https://www.basketball-reference.com/draft/NBA_2018.html
2018,30,Omari Spellman,spellom01,2018-19,12.4,1.2,https://www.basketball-reference.com/leagues/NBA_2019_advanced.html,https://www.basketball-reference.com/draft/NBA_2018.html
2018,31,Elie Okobo,okoboel01,2018-19,7.6,-0.5,https://www.basketball-reference.com/leagues/NBA_2019_advanced.html,https://www.basketball-reference.com/draft/NBA_2018.html
2018,32,Jevon Carter,carteje01,2018-19,7.8,0.0,https://www.basketball-reference.com/leagues/NBA_2019_advanced.html,https://www.basketball-reference.com/draft/NBA_2018.html
2018,33,Jalen Brunson,brunsja01,2018-19,12.8,2.6,https://www.basketball-reference.com/leagues/NBA_2019_advanced.html,https://www.basketball-reference.com/draft/NBA_2018.html
2018,34,Devonte' Graham,grahade01,2018-19,10.3,0.5,https://www.basketball-reference.com/leagues/NBA_2019_advanced.html,https://www.basketball-reference.com/draft/NBA_2018.html
2018,35,Melvin Frazier,frazime01,2018-19,1.2,-0.1,https://www.basketball-reference.com/leagues/NBA_2019_advanced.html,https://www.basketball-reference.com/draft/NBA_2018.html
2018,36,Mitchell Robinson,robinmi01,2018-19,22.0,6.1,https://www.basketball-reference.com/leagues/NBA_2019_advanced.html,https://www.basketball-reference.com/draft/NBA_2018.html
2018,37,Gary Trent Jr.,trentga02,2018-19,3.6,-0.2,https://www.basketball-reference.com/leagues/NBA_2019_advanced.html,https://www.basketball-reference.com/draft/NBA_2018.html
2018,38,Khyri Thomas,thomakh01,2018-19,6.2,0.0,https://www.basketball-reference.com/leagues/NBA_2019_advanced.html,https://www.basketball-reference.com/draft/NBA_2018.html
2018,39,Isaac Bonga,bongais01,2018-19,6.0,-0.1,https://www.basketball-reference.com/leagues/NBA_2019_advanced.html,https://www.basketball-reference.com/draft/NBA_2018.html
2018,40,Rodions Kurucs,kurucro01,2018-19,11.0,1.6,https://www.basketball-reference.com/leagues/NBA_2019_advanced.html,https://www.basketball-reference.com/draft/NBA_2018.html
2018,41,Jarred Vanderbilt,vandeja01,2018-19,12.4,0.1,https://www.basketball-reference.com/leagues/NBA_2019_advanced.html,https://www.basketball-reference.com/draft/NBA_2018.html
2018,42,Bruce Brown,brownbr01,2018-19,6.9,1.5,https://www.basketball-reference.com/leagues/NBA_2019_advanced.html,https://www.basketball-reference.com/draft/NBA_2018.html
2018,43,Justin Jackson,jacksju02,,,,,https://www.basketball-reference.com/draft/NBA_2018.html
2018,44,Issuf Sanon,sanonis01,,,,,https://www.basketball-reference.com/draft/NBA_2018.html
2018,45,Hamidou Diallo,diallha01,2018-19,10.1,0.8,https://www.basketball-reference.com/leagues/NBA_2019_advanced.html,https://www.basketball-reference.com/draft/NBA_2018.html
2018,46,De'Anthony Melton,meltode01,2018-19,9.9,0.0,https://www.basketball-reference.com/leagues/NBA_2019_advanced.html,https://www.basketball-reference.com/draft/NBA_2018.html
2018,47,Svi Mykhailiuk,mykhasv01,2018-19,6.0,-0.1,https://www.basketball-reference.com/leagues/NBA_2019_advanced.html,https://www.basketball-reference.com/draft/NBA_2018.html
2018,48,Keita Bates-Diop,bateske01,2018-19,9.6,0.3,https://www.basketball-reference.com/leagues/NBA_2019_advanced.html,https://www.basketball-reference.com/draft/NBA_2018.html
2018,49,Chimezie Metu,metuch01,2018-19,6.4,-0.3,https://www.basketball-reference.com/leagues/NBA_2019_advanced.html,https://www.basketball-reference.com/draft/NBA_2018.html
2018,50,Alize Johnson,johnsal02,2018-19,6.3,0.0,https://www.basketball-reference.com/leagues/NBA_2019_advanced.html,https://www.basketball-reference.com/draft/NBA_2018.html
2018,51,Tony Carr,carrto01,,,,,https://www.basketball-reference.com/draft/NBA_2018.html
2018,52,Vince Edwards,edwarvi01,2018-19,3.8,0.0,https://www.basketball-reference.com/leagues/NBA_2019_advanced.html,https://www.basketball-reference.com/draft/NBA_2018.html
2018,53,Devon Hall,hallde01,2019-20,3.1,-0.2,https://www.basketball-reference.com/leagues/NBA_2020_advanced.html,https://www.basketball-reference.com/draft/NBA_2018.html
2018,54,Shake Milton,miltosh01,2018-19,9.3,0.3,https://www.basketball-reference.com/leagues/NBA_2019_advanced.html,https://www.basketball-reference.com/draft/NBA_2018.html
2018,55,Arnoldas Kulboka,kulboar01,2021-22,-10.7,0.0,https://www.basketball-reference.com/leagues/NBA_2022_advanced.html,https://www.basketball-reference.com/draft/NBA_2018.html
2018,56,Ray Spalding,spaldra01,2018-19,14.6,0.2,https://www.basketball-reference.com/leagues/NBA_2019_advanced.html,https://www.basketball-reference.com/draft/NBA_2018.html
2018,57,Kevin Hervey,herveke01,2019-20,5.0,-0.1,https://www.basketball-reference.com/leagues/NBA_2020_advanced.html,https://www.basketball-reference.com/draft/NBA_2018.html
2018,58,Thomas Welsh,welshth01,2018-19,16.1,0.1,https://www.basketball-reference.com/leagues/NBA_2019_advanced.html,https://www.basketball-reference.com/draft/NBA_2018.html
2018,59,George King,kingge03,2018-19,1.9,0.0,https://www.basketball-reference.com/leagues/NBA_2019_advanced.html,https://www.basketball-reference.com/draft/NBA_2018.html
2018,60,Kostas Antetokounmpo,antetko01,2018-19,-0.9,-0.1,https://www.basketball-reference.com/leagues/NBA_2019_advanced.html,https://www.basketball-reference.com/draft/NBA_2018.html
2019,1,Zion Williamson,willizi01,2019-20,24.1,2.0,https://www.basketball-reference.com/leagues/NBA_2020_advanced.html,https://www.basketball-reference.com/draft/NBA_2019.html
2019,2,Ja Morant,moranja01,2019-20,17.4,3.8,https://www.basketball-reference.com/leagues/NBA_2020_advanced.html,https://www.basketball-reference.com/draft/NBA_2019.html
2019,3,RJ Barrett,barrerj01,2019-20,10.7,-0.5,https://www.basketball-reference.com/leagues/NBA_2020_advanced.html,https://www.basketball-reference.com/draft/NBA_2019.html
2019,4,De'Andre Hunter,huntede01,2019-20,8.6,0.1,https://www.basketball-reference.com/leagues/NBA_2020_advanced.html,https://www.basketball-reference.com/draft/NBA_2019.html
2019,5,Darius Garland,garlada01,2019-20,8.5,-1.3,https://www.basketball-reference.com/leagues/NBA_2020_advanced.html,https://www.basketball-reference.com/draft/NBA_2019.html
2019,6,Jarrett Culver,culveja01,2019-20,9.6,-0.1,https://www.basketball-reference.com/leagues/NBA_2020_advanced.html,https://www.basketball-reference.com/draft/NBA_2019.html
2019,7,Coby White,whiteco01,2019-20,11.9,0.9,https://www.basketball-reference.com/leagues/NBA_2020_advanced.html,https://www.basketball-reference.com/draft/NBA_2019.html
2019,8,Jaxson Hayes,hayesja02,2019-20,17.6,3.9,https://www.basketball-reference.com/leagues/NBA_2020_advanced.html,https://www.basketball-reference.com/draft/NBA_2019.html
2019,9,Rui Hachimura,hachiru01,2019-20,13.5,1.8,https://www.basketball-reference.com/leagues/NBA_2020_advanced.html,https://www.basketball-reference.com/draft/NBA_2019.html
2019,10,Cam Reddish,reddica01,2019-20,9.0,-0.4,https://www.basketball-reference.com/leagues/NBA_2020_advanced.html,https://www.basketball-reference.com/draft/NBA_2019.html
2019,11,Cameron Johnson,johnsca02,2019-20,12.9,2.7,https://www.basketball-reference.com/leagues/NBA_2020_advanced.html,https://www.basketball-reference.com/draft/NBA_2019.html
2019,12,P.J. Washington,washipj01,2019-20,12.4,2.0,https://www.basketball-reference.com/leagues/NBA_2020_advanced.html,https://www.basketball-reference.com/draft/NBA_2019.html
2019,13,Tyler Herro,herroty01,2019-20,12.5,1.6,https://www.basketball-reference.com/leagues/NBA_2020_advanced.html,https://www.basketball-reference.com/draft/NBA_2019.html
2019,14,Romeo Langford,langfro01,2019-20,5.4,0.2,https://www.basketball-reference.com/leagues/NBA_2020_advanced.html,https://www.basketball-reference.com/draft/NBA_2019.html
2019,15,Sekou Doumbouya,doumbse01,2019-20,6.2,-0.3,https://www.basketball-reference.com/leagues/NBA_2020_advanced.html,https://www.basketball-reference.com/draft/NBA_2019.html
2019,16,Chuma Okeke,okekech01,2020-21,11.8,1.3,https://www.basketball-reference.com/leagues/NBA_2021_advanced.html,https://www.basketball-reference.com/draft/NBA_2019.html
2019,17,Nickeil Alexander-Walker,alexani01,2019-20,8.9,-0.2,https://www.basketball-reference.com/leagues/NBA_2020_advanced.html,https://www.basketball-reference.com/draft/NBA_2019.html
2019,18,Goga Bitadze,bitadgo01,2019-20,12.1,0.7,https://www.basketball-reference.com/leagues/NBA_2020_advanced.html,https://www.basketball-reference.com/draft/NBA_2019.html
2019,19,Luka Šamanić,samanlu01,2019-20,8.8,0.0,https://www.basketball-reference.com/leagues/NBA_2020_advanced.html,https://www.basketball-reference.com/draft/NBA_2019.html
2019,20,Matisse Thybulle,thybuma01,2019-20,10.0,2.3,https://www.basketball-reference.com/leagues/NBA_2020_advanced.html,https://www.basketball-reference.com/draft/NBA_2019.html
2019,21,Brandon Clarke,clarkbr01,2019-20,20.9,5.0,https://www.basketball-reference.com/leagues/NBA_2020_advanced.html,https://www.basketball-reference.com/draft/NBA_2019.html
2019,22,Grant Williams,willigr01,2019-20,7.9,1.6,https://www.basketball-reference.com/leagues/NBA_2020_advanced.html,https://www.basketball-reference.com/draft/NBA_2019.html
2019,23,Darius Bazley,bazleda01,2019-20,9.6,1.0,https://www.basketball-reference.com/leagues/NBA_2020_advanced.html,https://www.basketball-reference.com/draft/NBA_2019.html
2019,24,Ty Jerome,jeromty01,2019-20,7.9,0.0,https://www.basketball-reference.com/leagues/NBA_2020_advanced.html,https://www.basketball-reference.com/draft/NBA_2019.html
2019,25,Nassir Little,littlna01,2019-20,9.6,0.6,https://www.basketball-reference.com/leagues/NBA_2020_advanced.html,https://www.basketball-reference.com/draft/NBA_2019.html
2019,26,Dylan Windler,windldy01,2020-21,10.8,0.5,https://www.basketball-reference.com/leagues/NBA_2021_advanced.html,https://www.basketball-reference.com/draft/NBA_2019.html
2019,27,Mfiondu Kabengele,kabenmf01,2019-20,18.2,0.2,https://www.basketball-reference.com/leagues/NBA_2020_advanced.html,https://www.basketball-reference.com/draft/NBA_2019.html
2019,28,Jordan Poole,poolejo01,2019-20,7.2,-1.2,https://www.basketball-reference.com/leagues/NBA_2020_advanced.html,https://www.basketball-reference.com/draft/NBA_2019.html
2019,29,Keldon Johnson,johnske04,2019-20,19.1,1.1,https://www.basketball-reference.com/leagues/NBA_2020_advanced.html,https://www.basketball-reference.com/draft/NBA_2019.html
2019,30,Kevin Porter Jr.,porteke02,2019-20,10.8,0.3,https://www.basketball-reference.com/leagues/NBA_2020_advanced.html,https://www.basketball-reference.com/draft/NBA_2019.html
2019,31,Nic Claxton,claxtni01,2019-20,14.8,0.5,https://www.basketball-reference.com/leagues/NBA_2020_advanced.html,https://www.basketball-reference.com/draft/NBA_2019.html
2019,32,KZ Okpala,okpalkz01,2019-20,13.7,0.1,https://www.basketball-reference.com/leagues/NBA_2020_advanced.html,https://www.basketball-reference.com/draft/NBA_2019.html
2019,33,Carsen Edwards,edwarca01,2019-20,6.9,0.1,https://www.basketball-reference.com/leagues/NBA_2020_advanced.html,https://www.basketball-reference.com/draft/NBA_2019.html
2019,34,Bruno Fernando,fernabr01,2019-20,11.9,0.8,https://www.basketball-reference.com/leagues/NBA_2020_advanced.html,https://www.basketball-reference.com/draft/NBA_2019.html
2019,35,Didi Louzada,louzama01,2020-21,-0.9,-0.1,https://www.basketball-reference.com/leagues/NBA_2021_advanced.html,https://www.basketball-reference.com/draft/NBA_2019.html
2019,36,Cody Martin,martico01,2019-20,10.5,1.0,https://www.basketball-reference.com/leagues/NBA_2020_advanced.html,https://www.basketball-reference.com/draft/NBA_2019.html
2019,37,Deividas Sirvydis,sirvyde01,2020-21,5.7,0.0,https://www.basketball-reference.com/leagues/NBA_2021_advanced.html,https://www.basketball-reference.com/draft/NBA_2019.html
2019,38,Daniel Gafford,gaffoda01,2019-20,16.2,1.9,https://www.basketball-reference.com/leagues/NBA_2020_advanced.html,https://www.basketball-reference.com/draft/NBA_2019.html
2019,39,Alen Smailagić,smailal01,2019-20,14.5,0.2,https://www.basketball-reference.com/leagues/NBA_2020_advanced.html,https://www.basketball-reference.com/draft/NBA_2019.html
2019,40,Justin James,jamesju01,2019-20,11.0,0.1,https://www.basketball-reference.com/leagues/NBA_2020_advanced.html,https://www.basketball-reference.com/draft/NBA_2019.html
2019,41,Eric Paschall,pascher01,2019-20,14.5,2.1,https://www.basketball-reference.com/leagues/NBA_2020_advanced.html,https://www.basketball-reference.com/draft/NBA_2019.html
2019,42,Admiral Schofield,schofad01,2019-20,6.1,0.1,https://www.basketball-reference.com/leagues/NBA_2020_advanced.html,https://www.basketball-reference.com/draft/NBA_2019.html
2019,43,Jaylen Nowell,nowelja01,2019-20,10.5,0.2,https://www.basketball-reference.com/leagues/NBA_2020_advanced.html,https://www.basketball-reference.com/draft/NBA_2019.html
2019,44,Bol Bol,bolbo01,2019-20,14.4,0.1,https://www.basketball-reference.com/leagues/NBA_2020_advanced.html,https://www.basketball-reference.com/draft/NBA_2019.html
2019,45,Isaiah Roby,robyis01,2019-20,-7.7,0.0,https://www.basketball-reference.com/leagues/NBA_2020_advanced.html,https://www.basketball-reference.com/draft/NBA_2019.html
2019,46,Talen Horton-Tucker,hortota01,2019-20,12.3,0.1,https://www.basketball-reference.com/leagues/NBA_2020_advanced.html,https://www.basketball-reference.com/draft/NBA_2019.html
2019,47,Ignas Brazdeikis,brazdig01,2019-20,3.2,-0.1,https://www.basketball-reference.com/leagues/NBA_2020_advanced.html,https://www.basketball-reference.com/draft/NBA_2019.html
2019,48,Terance Mann,mannte01,2019-20,10.6,0.8,https://www.basketball-reference.com/leagues/NBA_2020_advanced.html,https://www.basketball-reference.com/draft/NBA_2019.html
2019,49,Quinndary Weatherspoon,weathqu01,2019-20,3.2,-0.1,https://www.basketball-reference.com/leagues/NBA_2020_advanced.html,https://www.basketball-reference.com/draft/NBA_2019.html
2019,50,Jarrell Brantley,brantja01,2019-20,8.0,0.0,https://www.basketball-reference.com/leagues/NBA_2020_advanced.html,https://www.basketball-reference.com/draft/NBA_2019.html
2019,51,Tremont Waters,watertr01,2019-20,4.3,-0.3,https://www.basketball-reference.com/leagues/NBA_2020_advanced.html,https://www.basketball-reference.com/draft/NBA_2019.html
2019,52,Jalen McDaniels,mcdanja01,2019-20,10.7,0.5,https://www.basketball-reference.com/leagues/NBA_2020_advanced.html,https://www.basketball-reference.com/draft/NBA_2019.html
2019,53,Justin Wright-Foreman,wrighju02,2019-20,8.8,0.0,https://www.basketball-reference.com/leagues/NBA_2020_advanced.html,https://www.basketball-reference.com/draft/NBA_2019.html
2019,54,Marial Shayok,shayoma01,2019-20,1.4,-0.1,https://www.basketball-reference.com/leagues/NBA_2020_advanced.html,https://www.basketball-reference.com/draft/NBA_2019.html
2019,55,Kyle Guy,guyky01,2019-20,6.6,0.0,https://www.basketball-reference.com/leagues/NBA_2020_advanced.html,https://www.basketball-reference.com/draft/NBA_2019.html
2019,56,Jaylen Hands,handsja01,,,,,https://www.basketball-reference.com/draft/NBA_2019.html
2019,57,Jordan Bone,bonejo01,2019-20,0.8,-0.1,https://www.basketball-reference.com/leagues/NBA_2020_advanced.html,https://www.basketball-reference.com/draft/NBA_2019.html
2019,58,Miye Oni,onimi01,2019-20,9.7,0.1,https://www.basketball-reference.com/leagues/NBA_2020_advanced.html,https://www.basketball-reference.com/draft/NBA_2019.html
2019,59,Dewan Hernandez,hernade01,2019-20,12.9,0.0,https://www.basketball-reference.com/leagues/NBA_2020_advanced.html,https://www.basketball-reference.com/draft/NBA_2019.html
2019,60,Vanja Marinković,marinva01,,,,,https://www.basketball-reference.com/draft/NBA_2019.html
2020,1,Anthony Edwards,edwaran01,2020-21,13.9,0.8,https://www.basketball-reference.com/leagues/NBA_2021_advanced.html,https://www.basketball-reference.com/draft/NBA_2020.html
2020,2,James Wiseman,wisemja01,2020-21,13.1,0.7,https://www.basketball-reference.com/leagues/NBA_2021_advanced.html,https://www.basketball-reference.com/draft/NBA_2020.html
2020,3,LaMelo Ball,ballla01,2020-21,17.5,2.8,https://www.basketball-reference.com/leagues/NBA_2021_advanced.html,https://www.basketball-reference.com/draft/NBA_2020.html
2020,4,Patrick Williams,willipa01,2020-21,10.5,2.5,https://www.basketball-reference.com/leagues/NBA_2021_advanced.html,https://www.basketball-reference.com/draft/NBA_2020.html
2020,5,Isaac Okoro,okorois01,2020-21,7.9,0.9,https://www.basketball-reference.com/leagues/NBA_2021_advanced.html,https://www.basketball-reference.com/draft/NBA_2020.html
2020,6,Onyeka Okongwu,okongon01,2020-21,16.8,1.9,https://www.basketball-reference.com/leagues/NBA_2021_advanced.html,https://www.basketball-reference.com/draft/NBA_2020.html
2020,7,Killian Hayes,hayeski01,2020-21,5.3,-1.1,https://www.basketball-reference.com/leagues/NBA_2021_advanced.html,https://www.basketball-reference.com/draft/NBA_2020.html
2020,8,Obi Toppin,toppiob01,2020-21,12.7,1.5,https://www.basketball-reference.com/leagues/NBA_2021_advanced.html,https://www.basketball-reference.com/draft/NBA_2020.html
2020,9,Deni Avdija,avdijde01,2020-21,7.6,1.2,https://www.basketball-reference.com/leagues/NBA_2021_advanced.html,https://www.basketball-reference.com/draft/NBA_2020.html
2020,10,Jalen Smith,smithja04,2020-21,8.4,0.1,https://www.basketball-reference.com/leagues/NBA_2021_advanced.html,https://www.basketball-reference.com/draft/NBA_2020.html
2020,11,Devin Vassell,vassede01,2020-21,10.6,1.5,https://www.basketball-reference.com/leagues/NBA_2021_advanced.html,https://www.basketball-reference.com/draft/NBA_2020.html
2020,12,Tyrese Haliburton,halibty01,2020-21,16.2,3.5,https://www.basketball-reference.com/leagues/NBA_2021_advanced.html,https://www.basketball-reference.com/draft/NBA_2020.html
2020,13,Kira Lewis Jr.,lewiski01,2020-21,10.3,0.9,https://www.basketball-reference.com/leagues/NBA_2021_advanced.html,https://www.basketball-reference.com/draft/NBA_2020.html
2020,14,Aaron Nesmith,nesmiaa01,2020-21,9.4,1.1,https://www.basketball-reference.com/leagues/NBA_2021_advanced.html,https://www.basketball-reference.com/draft/NBA_2020.html
2020,15,Cole Anthony,anthoco01,2020-21,12.1,0.0,https://www.basketball-reference.com/leagues/NBA_2021_advanced.html,https://www.basketball-reference.com/draft/NBA_2020.html
2020,16,Isaiah Stewart,stewais01,2020-21,16.4,4.0,https://www.basketball-reference.com/leagues/NBA_2021_advanced.html,https://www.basketball-reference.com/draft/NBA_2020.html
2020,17,Aleksej Pokusevski,pokusal01,2020-21,6.1,-1.9,https://www.basketball-reference.com/leagues/NBA_2021_advanced.html,https://www.basketball-reference.com/draft/NBA_2020.html
2020,18,Josh Green,greenjo02,2020-21,8.8,0.5,https://www.basketball-reference.com/leagues/NBA_2021_advanced.html,https://www.basketball-reference.com/draft/NBA_2020.html
2020,19,Saddiq Bey,beysa01,2020-21,12.6,3.3,https://www.basketball-reference.com/leagues/NBA_2021_advanced.html,https://www.basketball-reference.com/draft/NBA_2020.html
2020,20,Precious Achiuwa,achiupr01,2020-21,14.2,1.3,https://www.basketball-reference.com/leagues/NBA_2021_advanced.html,https://www.basketball-reference.com/draft/NBA_2020.html
2020,21,Tyrese Maxey,maxeyty01,2020-21,14.5,1.9,https://www.basketball-reference.com/leagues/NBA_2021_advanced.html,https://www.basketball-reference.com/draft/NBA_2020.html
2020,22,Zeke Nnaji,nnajize01,2020-21,11.3,0.9,https://www.basketball-reference.com/leagues/NBA_2021_advanced.html,https://www.basketball-reference.com/draft/NBA_2020.html
2020,23,Leandro Bolmaro,bolmale01,2021-22,5.4,0.0,https://www.basketball-reference.com/leagues/NBA_2022_advanced.html,https://www.basketball-reference.com/draft/NBA_2020.html
2020,24,R.J. Hampton,hamptrj01,2020-21,11.1,0.4,https://www.basketball-reference.com/leagues/NBA_2021_advanced.html,https://www.basketball-reference.com/draft/NBA_2020.html
2020,25,Immanuel Quickley,quickim01,2020-21,15.8,3.2,https://www.basketball-reference.com/leagues/NBA_2021_advanced.html,https://www.basketball-reference.com/draft/NBA_2020.html
2020,26,Payton Pritchard,pritcpa01,2020-21,12.4,2.5,https://www.basketball-reference.com/leagues/NBA_2021_advanced.html,https://www.basketball-reference.com/draft/NBA_2020.html
2020,27,Udoka Azubuike,azubuud01,2020-21,10.3,0.1,https://www.basketball-reference.com/leagues/NBA_2021_advanced.html,https://www.basketball-reference.com/draft/NBA_2020.html
2020,28,Jaden McDaniels,mcdanja02,2020-21,8.9,1.4,https://www.basketball-reference.com/leagues/NBA_2021_advanced.html,https://www.basketball-reference.com/draft/NBA_2020.html
2020,29,Malachi Flynn,flynnma01,2020-21,10.9,0.8,https://www.basketball-reference.com/leagues/NBA_2021_advanced.html,https://www.basketball-reference.com/draft/NBA_2020.html
2020,30,Desmond Bane,banede01,2020-21,12.2,2.9,https://www.basketball-reference.com/leagues/NBA_2021_advanced.html,https://www.basketball-reference.com/draft/NBA_2020.html
2020,31,Tyrell Terry,terryty01,2020-21,6.0,-0.1,https://www.basketball-reference.com/leagues/NBA_2021_advanced.html,https://www.basketball-reference.com/draft/NBA_2020.html
2020,32,Vernon Carey Jr.,careyve01,2020-21,11.7,0.2,https://www.basketball-reference.com/leagues/NBA_2021_advanced.html,https://www.basketball-reference.com/draft/NBA_2020.html
2020,33,Daniel Oturu,oturuda01,2020-21,12.5,0.3,https://www.basketball-reference.com/leagues/NBA_2021_advanced.html,https://www.basketball-reference.com/draft/NBA_2020.html
2020,34,Théo Maledon,maledth01,2020-21,8.2,-0.8,https://www.basketball-reference.com/leagues/NBA_2021_advanced.html,https://www.basketball-reference.com/draft/NBA_2020.html
2020,35,Xavier Tillman Sr.,tillmxa01,2020-21,14.7,2.9,https://www.basketball-reference.com/leagues/NBA_2021_advanced.html,https://www.basketball-reference.com/draft/NBA_2020.html
2020,36,Tyler Bey,beyty01,2020-21,5.9,0.0,https://www.basketball-reference.com/leagues/NBA_2021_advanced.html,https://www.basketball-reference.com/draft/NBA_2020.html
2020,37,Vít Krejčí,krejcvi01,2021-22,8.5,0.6,https://www.basketball-reference.com/leagues/NBA_2022_advanced.html,https://www.basketball-reference.com/draft/NBA_2020.html
2020,38,Saben Lee,leesa01,2020-21,13.8,1.5,https://www.basketball-reference.com/leagues/NBA_2021_advanced.html,https://www.basketball-reference.com/draft/NBA_2020.html
2020,39,Elijah Hughes,hugheel01,2020-21,8.4,0.0,https://www.basketball-reference.com/leagues/NBA_2021_advanced.html,https://www.basketball-reference.com/draft/NBA_2020.html
2020,40,Robert Woodard II,woodaro01,2020-21,12.5,0.0,https://www.basketball-reference.com/leagues/NBA_2021_advanced.html,https://www.basketball-reference.com/draft/NBA_2020.html
2020,41,Tre Jones,jonestr01,2020-21,12.1,0.4,https://www.basketball-reference.com/leagues/NBA_2021_advanced.html,https://www.basketball-reference.com/draft/NBA_2020.html
2020,42,Nick Richards,richani01,2020-21,5.5,0.0,https://www.basketball-reference.com/leagues/NBA_2021_advanced.html,https://www.basketball-reference.com/draft/NBA_2020.html
2020,43,Jahmi'us Ramsey,ramseja01,2020-21,10.5,0.0,https://www.basketball-reference.com/leagues/NBA_2021_advanced.html,https://www.basketball-reference.com/draft/NBA_2020.html
2020,44,Marko Simonovic,simonma01,2021-22,10.2,0.0,https://www.basketball-reference.com/leagues/NBA_2022_advanced.html,https://www.basketball-reference.com/draft/NBA_2020.html
2020,45,Jordan Nwora,nworajo01,2020-21,16.1,0.4,https://www.basketball-reference.com/leagues/NBA_2021_advanced.html,https://www.basketball-reference.com/draft/NBA_2020.html
2020,46,CJ Elleby,ellebcj01,2020-21,9.4,0.1,https://www.basketball-reference.com/leagues/NBA_2021_advanced.html,https://www.basketball-reference.com/draft/NBA_2020.html
2020,47,Yam Madar,madarya01,,,,,https://www.basketball-reference.com/draft/NBA_2020.html
2020,48,Nico Mannion,mannini01,2020-21,9.3,0.2,https://www.basketball-reference.com/leagues/NBA_2021_advanced.html,https://www.basketball-reference.com/draft/NBA_2020.html
2020,49,Isaiah Joe,joeis01,2020-21,9.5,0.6,https://www.basketball-reference.com/leagues/NBA_2021_advanced.html,https://www.basketball-reference.com/draft/NBA_2020.html
2020,50,Skylar Mays,mayssk01,2020-21,16.8,0.8,https://www.basketball-reference.com/leagues/NBA_2021_advanced.html,https://www.basketball-reference.com/draft/NBA_2020.html
2020,51,Justinian Jessup,jessuju01,,,,,https://www.basketball-reference.com/draft/NBA_2020.html
2020,52,KJ Martin,martike04,2020-21,14.6,2.2,https://www.basketball-reference.com/leagues/NBA_2021_advanced.html,https://www.basketball-reference.com/draft/NBA_2020.html
2020,53,Cassius Winston,winstca01,2020-21,10.8,0.1,https://www.basketball-reference.com/leagues/NBA_2021_advanced.html,https://www.basketball-reference.com/draft/NBA_2020.html
2020,54,Cassius Stanley,stanlca01,2020-21,5.5,-0.1,https://www.basketball-reference.com/leagues/NBA_2021_advanced.html,https://www.basketball-reference.com/draft/NBA_2020.html
2020,55,Jay Scrubb,scrubja01,2020-21,6.3,-0.1,https://www.basketball-reference.com/leagues/NBA_2021_advanced.html,https://www.basketball-reference.com/draft/NBA_2020.html
2020,56,Grant Riller,rillegr01,2020-21,23.6,0.1,https://www.basketball-reference.com/leagues/NBA_2021_advanced.html,https://www.basketball-reference.com/draft/NBA_2020.html
2020,57,Reggie Perry,perryre01,2020-21,11.0,0.2,https://www.basketball-reference.com/leagues/NBA_2021_advanced.html,https://www.basketball-reference.com/draft/NBA_2020.html
2020,58,Paul Reed,reedpa01,2020-21,21.2,0.6,https://www.basketball-reference.com/leagues/NBA_2021_advanced.html,https://www.basketball-reference.com/draft/NBA_2020.html
2020,59,Jalen Harris,harrija01,2020-21,15.2,0.3,https://www.basketball-reference.com/leagues/NBA_2021_advanced.html,https://www.basketball-reference.com/draft/NBA_2020.html
2020,60,Sam Merrill,merrisa01,2020-21,11.9,0.5,https://www.basketball-reference.com/leagues/NBA_2021_advanced.html,https://www.basketball-reference.com/draft/NBA_2020.html
2021,1,Cade Cunningham,cunnica01,2021-22,13.1,-0.5,https://www.basketball-reference.com/leagues/NBA_2022_advanced.html,https://www.basketball-reference.com/draft/NBA_2021.html
2021,2,Jalen Green,greenja05,2021-22,12.5,0.7,https://www.basketball-reference.com/leagues/NBA_2022_advanced.html,https://www.basketball-reference.com/draft/NBA_2021.html
2021,3,Evan Mobley,mobleev01,2021-22,16.1,5.2,https://www.basketball-reference.com/leagues/NBA_2022_advanced.html,https://www.basketball-reference.com/draft/NBA_2021.html
2021,4,Scottie Barnes,barnesc01,2021-22,16.3,6.6,https://www.basketball-reference.com/leagues/NBA_2022_advanced.html,https://www.basketball-reference.com/draft/NBA_2021.html
2021,5,Jalen Suggs,suggsja01,2021-22,8.6,-1.6,https://www.basketball-reference.com/leagues/NBA_2022_advanced.html,https://www.basketball-reference.com/draft/NBA_2021.html
2021,6,Josh Giddey,giddejo01,2021-22,13.3,0.4,https://www.basketball-reference.com/leagues/NBA_2022_advanced.html,https://www.basketball-reference.com/draft/NBA_2021.html
2021,7,Jonathan Kuminga,kuminjo01,2021-22,15.2,3.0,https://www.basketball-reference.com/leagues/NBA_2022_advanced.html,https://www.basketball-reference.com/draft/NBA_2021.html
2021,8,Franz Wagner,wagnefr01,2021-22,14.7,4.0,https://www.basketball-reference.com/leagues/NBA_2022_advanced.html,https://www.basketball-reference.com/draft/NBA_2021.html
2021,9,Davion Mitchell,mitchda01,2021-22,10.8,0.1,https://www.basketball-reference.com/leagues/NBA_2022_advanced.html,https://www.basketball-reference.com/draft/NBA_2021.html
2021,10,Ziaire Williams,willizi02,2021-22,9.7,2.2,https://www.basketball-reference.com/leagues/NBA_2022_advanced.html,https://www.basketball-reference.com/draft/NBA_2021.html
2021,11,James Bouknight,bouknja01,2021-22,10.1,0.0,https://www.basketball-reference.com/leagues/NBA_2022_advanced.html,https://www.basketball-reference.com/draft/NBA_2021.html
2021,12,Joshua Primo,primojo01,2021-22,7.1,0.0,https://www.basketball-reference.com/leagues/NBA_2022_advanced.html,https://www.basketball-reference.com/draft/NBA_2021.html
2021,13,Chris Duarte,duartch01,2021-22,12.3,0.9,https://www.basketball-reference.com/leagues/NBA_2022_advanced.html,https://www.basketball-reference.com/draft/NBA_2021.html
2021,14,Moses Moody,moodymo01,2021-22,10.5,1.3,https://www.basketball-reference.com/leagues/NBA_2022_advanced.html,https://www.basketball-reference.com/draft/NBA_2021.html
2021,15,Corey Kispert,kispeco01,2021-22,10.9,2.3,https://www.basketball-reference.com/leagues/NBA_2022_advanced.html,https://www.basketball-reference.com/draft/NBA_2021.html
2021,16,Alperen Şengün,sengual01,2021-22,16.0,2.1,https://www.basketball-reference.com/leagues/NBA_2022_advanced.html,https://www.basketball-reference.com/draft/NBA_2021.html
2021,17,Trey Murphy III,murphtr02,2021-22,12.5,1.9,https://www.basketball-reference.com/leagues/NBA_2022_advanced.html,https://www.basketball-reference.com/draft/NBA_2021.html
2021,18,Tre Mann,manntr01,2021-22,10.2,0.1,https://www.basketball-reference.com/leagues/NBA_2022_advanced.html,https://www.basketball-reference.com/draft/NBA_2021.html
2021,19,Kai Jones,joneska01,2021-22,9.2,0.0,https://www.basketball-reference.com/leagues/NBA_2022_advanced.html,https://www.basketball-reference.com/draft/NBA_2021.html
2021,20,Jalen Johnson,johnsja05,2021-22,11.3,0.0,https://www.basketball-reference.com/leagues/NBA_2022_advanced.html,https://www.basketball-reference.com/draft/NBA_2021.html
2021,21,Keon Johnson,johnske07,2021-22,8.7,-0.5,https://www.basketball-reference.com/leagues/NBA_2022_advanced.html,https://www.basketball-reference.com/draft/NBA_2021.html
2021,22,Isaiah Jackson,jacksis01,2021-22,20.5,1.4,https://www.basketball-reference.com/leagues/NBA_2022_advanced.html,https://www.basketball-reference.com/draft/NBA_2021.html
2021,23,Usman Garuba,garubus01,2021-22,12.9,0.5,https://www.basketball-reference.com/leagues/NBA_2022_advanced.html,https://www.basketball-reference.com/draft/NBA_2021.html
2021,24,Josh Christopher,chrisjo01,2021-22,12.2,0.3,https://www.basketball-reference.com/leagues/NBA_2022_advanced.html,https://www.basketball-reference.com/draft/NBA_2021.html
2021,25,Quentin Grimes,grimequ01,2021-22,10.7,1.4,https://www.basketball-reference.com/leagues/NBA_2022_advanced.html,https://www.basketball-reference.com/draft/NBA_2021.html
2021,26,Bones Hyland,hylanbo01,2021-22,14.4,2.4,https://www.basketball-reference.com/leagues/NBA_2022_advanced.html,https://www.basketball-reference.com/draft/NBA_2021.html
2021,27,Cam Thomas,thomaca02,2021-22,11.7,0.8,https://www.basketball-reference.com/leagues/NBA_2022_advanced.html,https://www.basketball-reference.com/draft/NBA_2021.html
2021,28,Jaden Springer,sprinja01,2021-22,26.4,0.0,https://www.basketball-reference.com/leagues/NBA_2022_advanced.html,https://www.basketball-reference.com/draft/NBA_2021.html
2021,29,Day'Ron Sharpe,sharpda01,2021-22,20.7,1.2,https://www.basketball-reference.com/leagues/NBA_2022_advanced.html,https://www.basketball-reference.com/draft/NBA_2021.html
2021,30,Santi Aldama,aldamsa01,2021-22,10.2,0.3,https://www.basketball-reference.com/leagues/NBA_2022_advanced.html,https://www.basketball-reference.com/draft/NBA_2021.html
2021,31,Isaiah Todd,toddis01,2021-22,4.7,-0.2,https://www.basketball-reference.com/leagues/NBA_2022_advanced.html,https://www.basketball-reference.com/draft/NBA_2021.html
2021,32,Jeremiah Robinson-Earl,robinje02,2021-22,11.7,1.5,https://www.basketball-reference.com/leagues/NBA_2022_advanced.html,https://www.basketball-reference.com/draft/NBA_2021.html
2021,33,Jason Preston,prestja01,2022-23,10.3,0.1,https://www.basketball-reference.com/leagues/NBA_2023_advanced.html,https://www.basketball-reference.com/draft/NBA_2021.html
2021,34,Rokas Jokubaitis,jokubro01,,,,,https://www.basketball-reference.com/draft/NBA_2021.html
2021,35,Herbert Jones,joneshe01,2021-22,12.3,4.6,https://www.basketball-reference.com/leagues/NBA_2022_advanced.html,https://www.basketball-reference.com/draft/NBA_2021.html
2021,36,Miles McBride,mcbrimi01,2021-22,6.1,0.2,https://www.basketball-reference.com/leagues/NBA_2022_advanced.html,https://www.basketball-reference.com/draft/NBA_2021.html
2021,37,JT Thor,thorjt01,2021-22,9.7,0.3,https://www.basketball-reference.com/leagues/NBA_2022_advanced.html,https://www.basketball-reference.com/draft/NBA_2021.html
2021,38,Ayo Dosunmu,dosunay01,2021-22,11.2,3.0,https://www.basketball-reference.com/leagues/NBA_2022_advanced.html,https://www.basketball-reference.com/draft/NBA_2021.html
2021,39,Neemias Queta,quetane01,2021-22,12.7,0.1,https://www.basketball-reference.com/leagues/NBA_2022_advanced.html,https://www.basketball-reference.com/draft/NBA_2021.html
2021,40,Jared Butler,butleja02,2021-22,12.1,0.4,https://www.basketball-reference.com/leagues/NBA_2022_advanced.html,https://www.basketball-reference.com/draft/NBA_2021.html
2021,41,Joe Wieskamp,wieskjo01,2021-22,7.1,0.1,https://www.basketball-reference.com/leagues/NBA_2022_advanced.html,https://www.basketball-reference.com/draft/NBA_2021.html
2021,42,Isaiah Livers,liveris01,2021-22,11.1,0.7,https://www.basketball-reference.com/leagues/NBA_2022_advanced.html,https://www.basketball-reference.com/draft/NBA_2021.html
2021,43,Greg Brown III,browngr01,2021-22,11.0,0.4,https://www.basketball-reference.com/leagues/NBA_2022_advanced.html,https://www.basketball-reference.com/draft/NBA_2021.html
2021,44,Kessler Edwards,edwarke02,2021-22,8.3,0.6,https://www.basketball-reference.com/leagues/NBA_2022_advanced.html,https://www.basketball-reference.com/draft/NBA_2021.html
2021,45,Juhann Begarin,begarju01,,,,,https://www.basketball-reference.com/draft/NBA_2021.html
2021,46,Dalano Banton,bantoda01,2021-22,10.0,0.4,https://www.basketball-reference.com/leagues/NBA_2022_advanced.html,https://www.basketball-reference.com/draft/NBA_2021.html
2021,47,David Johnson,johnsda08,2021-22,-20.0,0.0,https://www.basketball-reference.com/leagues/NBA_2022_advanced.html,https://www.basketball-reference.com/draft/NBA_2021.html
2021,48,Sharife Cooper,coopesh01,2021-22,-5.4,-0.2,https://www.basketball-reference.com/leagues/NBA_2022_advanced.html,https://www.basketball-reference.com/draft/NBA_2021.html
2021,49,Marcus Zegarowski,zegarma01,,,,,https://www.basketball-reference.com/draft/NBA_2021.html
2021,50,Filip Petrušev,petrufi01,2023-24,5.1,0.0,https://www.basketball-reference.com/leagues/NBA_2024_advanced.html,https://www.basketball-reference.com/draft/NBA_2021.html
2021,51,Brandon Boston Jr.,bostobr01,2021-22,11.2,0.4,https://www.basketball-reference.com/leagues/NBA_2022_advanced.html,https://www.basketball-reference.com/draft/NBA_2021.html
2021,52,Luka Garza,garzalu01,2021-22,15.6,0.8,https://www.basketball-reference.com/leagues/NBA_2022_advanced.html,https://www.basketball-reference.com/draft/NBA_2021.html
2021,53,Charles Bassey,bassech01,2021-22,21.5,0.8,https://www.basketball-reference.com/leagues/NBA_2022_advanced.html,https://www.basketball-reference.com/draft/NBA_2021.html
2021,54,Sandro Mamukelashvili,mamuksa01,2021-22,14.7,1.1,https://www.basketball-reference.com/leagues/NBA_2022_advanced.html,https://www.basketball-reference.com/draft/NBA_2021.html
2021,55,Aaron Wiggins,wiggiaa01,2021-22,10.3,1.2,https://www.basketball-reference.com/leagues/NBA_2022_advanced.html,https://www.basketball-reference.com/draft/NBA_2021.html
2021,56,Scottie Lewis,lewissc01,2021-22,14.6,0.0,https://www.basketball-reference.com/leagues/NBA_2022_advanced.html,https://www.basketball-reference.com/draft/NBA_2021.html
2021,57,Balša Koprivica,kopriba01,,,,,https://www.basketball-reference.com/draft/NBA_2021.html
2021,58,Jericho Sims,simsje01,2021-22,11.6,1.5,https://www.basketball-reference.com/leagues/NBA_2022_advanced.html,https://www.basketball-reference.com/draft/NBA_2021.html
2021,59,RaiQuan Gray,grayra01,2022-23,15.5,0.1,https://www.basketball-reference.com/leagues/NBA_2023_advanced.html,https://www.basketball-reference.com/draft/NBA_2021.html
2021,60,Georgios Kalaitzakis,kalaige01,2021-22,8.6,-0.1,https://www.basketball-reference.com/leagues/NBA_2022_advanced.html,https://www.basketball-reference.com/draft/NBA_2021.html
2022,1,Paolo Banchero,banchpa01,2022-23,14.9,2.4,https://www.basketball-reference.com/leagues/NBA_2023_advanced.html,https://www.basketball-reference.com/draft/NBA_2022.html
2022,2,Chet Holmgren,holmgch01,2023-24,20.4,8.9,https://www.basketball-reference.com/leagues/NBA_2024_advanced.html,https://www.basketball-reference.com/draft/NBA_2022.html
2022,3,Jabari Smith Jr.,smithja05,2022-23,11.2,1.9,https://www.basketball-reference.com/leagues/NBA_2023_advanced.html,https://www.basketball-reference.com/draft/NBA_2022.html
2022,4,Keegan Murray,murrake02,2022-23,12.3,4.3,https://www.basketball-reference.com/leagues/NBA_2023_advanced.html,https://www.basketball-reference.com/draft/NBA_2022.html
2022,5,Jaden Ivey,iveyja01,2022-23,12.1,0.0,https://www.basketball-reference.com/leagues/NBA_2023_advanced.html,https://www.basketball-reference.com/draft/NBA_2022.html
2022,6,Bennedict Mathurin,mathube01,2022-23,13.1,1.8,https://www.basketball-reference.com/leagues/NBA_2023_advanced.html,https://www.basketball-reference.com/draft/NBA_2022.html
2022,7,Shaedon Sharpe,sharpsh01,2022-23,11.5,1.2,https://www.basketball-reference.com/leagues/NBA_2023_advanced.html,https://www.basketball-reference.com/draft/NBA_2022.html
2022,8,Dyson Daniels,daniedy01,2022-23,8.8,1.3,https://www.basketball-reference.com/leagues/NBA_2023_advanced.html,https://www.basketball-reference.com/draft/NBA_2022.html
2022,9,Jeremy Sochan,sochaje01,2022-23,11.4,0.2,https://www.basketball-reference.com/leagues/NBA_2023_advanced.html,https://www.basketball-reference.com/draft/NBA_2022.html
2022,10,Johnny Davis,davisjo06,2022-23,7.2,-0.3,https://www.basketball-reference.com/leagues/NBA_2023_advanced.html,https://www.basketball-reference.com/draft/NBA_2022.html
2022,11,Ousmane Dieng,diengou01,2022-23,9.3,0.4,https://www.basketball-reference.com/leagues/NBA_2023_advanced.html,https://www.basketball-reference.com/draft/NBA_2022.html
2022,12,Jalen Williams,willija06,2022-23,15.6,5.6,https://www.basketball-reference.com/leagues/NBA_2023_advanced.html,https://www.basketball-reference.com/draft/NBA_2022.html
2022,13,Jalen Duren,durenja01,2022-23,17.3,4.5,https://www.basketball-reference.com/leagues/NBA_2023_advanced.html,https://www.basketball-reference.com/draft/NBA_2022.html
2022,14,Ochai Agbaji,agbajoc01,2022-23,9.5,1.3,https://www.basketball-reference.com/leagues/NBA_2023_advanced.html,https://www.basketball-reference.com/draft/NBA_2022.html
2022,15,Mark Williams,willima07,2022-23,19.8,2.8,https://www.basketball-reference.com/leagues/NBA_2023_advanced.html,https://www.basketball-reference.com/draft/NBA_2022.html
2022,16,AJ Griffin,griffaj01,2022-23,12.6,2.2,https://www.basketball-reference.com/leagues/NBA_2023_advanced.html,https://www.basketball-reference.com/draft/NBA_2022.html
2022,17,Tari Eason,easonta01,2022-23,15.2,2.6,https://www.basketball-reference.com/leagues/NBA_2023_advanced.html,https://www.basketball-reference.com/draft/NBA_2022.html
2022,18,Dalen Terry,terryda01,2022-23,14.1,0.5,https://www.basketball-reference.com/leagues/NBA_2023_advanced.html,https://www.basketball-reference.com/draft/NBA_2022.html
2022,19,Jake LaRavia,laravja01,2022-23,6.7,0.5,https://www.basketball-reference.com/leagues/NBA_2023_advanced.html,https://www.basketball-reference.com/draft/NBA_2022.html
2022,20,Malaki Branham,branhma01,2022-23,9.5,-0.1,https://www.basketball-reference.com/leagues/NBA_2023_advanced.html,https://www.basketball-reference.com/draft/NBA_2022.html
2022,21,Christian Braun,braunch01,2022-23,10.3,1.9,https://www.basketball-reference.com/leagues/NBA_2023_advanced.html,https://www.basketball-reference.com/draft/NBA_2022.html
2022,22,Walker Kessler,kesslwa01,2022-23,21.5,7.1,https://www.basketball-reference.com/leagues/NBA_2023_advanced.html,https://www.basketball-reference.com/draft/NBA_2022.html
2022,23,David Roddy,roddyda01,2022-23,8.8,1.1,https://www.basketball-reference.com/leagues/NBA_2023_advanced.html,https://www.basketball-reference.com/draft/NBA_2022.html
2022,24,MarJon Beauchamp,beaucma01,2022-23,8.2,0.4,https://www.basketball-reference.com/leagues/NBA_2023_advanced.html,https://www.basketball-reference.com/draft/NBA_2022.html
2022,25,Blake Wesley,weslebl01,2022-23,3.5,-1.6,https://www.basketball-reference.com/leagues/NBA_2023_advanced.html,https://www.basketball-reference.com/draft/NBA_2022.html
2022,26,Wendell Moore Jr.,moorewe01,2022-23,9.3,0.1,https://www.basketball-reference.com/leagues/NBA_2023_advanced.html,https://www.basketball-reference.com/draft/NBA_2022.html
2022,27,Nikola Jović,jovicni01,2022-23,10.6,0.2,https://www.basketball-reference.com/leagues/NBA_2023_advanced.html,https://www.basketball-reference.com/draft/NBA_2022.html
2022,28,Patrick Baldwin Jr.,baldwpa01,2022-23,11.3,0.1,https://www.basketball-reference.com/leagues/NBA_2023_advanced.html,https://www.basketball-reference.com/draft/NBA_2022.html
2022,29,TyTy Washington Jr.,washity02,2022-23,7.5,-0.1,https://www.basketball-reference.com/leagues/NBA_2023_advanced.html,https://www.basketball-reference.com/draft/NBA_2022.html
2022,30,Peyton Watson,watsope01,2022-23,12.8,0.3,https://www.basketball-reference.com/leagues/NBA_2023_advanced.html,https://www.basketball-reference.com/draft/NBA_2022.html
2022,31,Andrew Nembhard,nembhan01,2022-23,10.0,1.2,https://www.basketball-reference.com/leagues/NBA_2023_advanced.html,https://www.basketball-reference.com/draft/NBA_2022.html
2022,32,Caleb Houstan,houstca01,2022-23,6.2,0.7,https://www.basketball-reference.com/leagues/NBA_2023_advanced.html,https://www.basketball-reference.com/draft/NBA_2022.html
2022,33,Christian Koloko,kolokch01,2022-23,11.4,1.7,https://www.basketball-reference.com/leagues/NBA_2023_advanced.html,https://www.basketball-reference.com/draft/NBA_2022.html
2022,34,Jaylin Williams,willija07,2022-23,11.2,1.9,https://www.basketball-reference.com/leagues/NBA_2023_advanced.html,https://www.basketball-reference.com/draft/NBA_2022.html
2022,35,Max Christie,chrisma02,2022-23,7.4,0.6,https://www.basketball-reference.com/leagues/NBA_2023_advanced.html,https://www.basketball-reference.com/draft/NBA_2022.html
2022,36,Gabriele Procida,prociga01,,,,,https://www.basketball-reference.com/draft/NBA_2022.html
2022,37,Jaden Hardy,hardyja02,2022-23,14.6,0.7,https://www.basketball-reference.com/leagues/NBA_2023_advanced.html,https://www.basketball-reference.com/draft/NBA_2022.html
2022,38,Kennedy Chandler,chandke01,2022-23,10.6,0.3,https://www.basketball-reference.com/leagues/NBA_2023_advanced.html,https://www.basketball-reference.com/draft/NBA_2022.html
2022,39,Khalifa Diop,diopkh01,,,,,https://www.basketball-reference.com/draft/NBA_2022.html
2022,40,Bryce McGowens,mcgowbr01,2022-23,7.2,0.1,https://www.basketball-reference.com/leagues/NBA_2023_advanced.html,https://www.basketball-reference.com/draft/NBA_2022.html
2022,41,E.J. Liddell,liddeej01,2023-24,4.3,0.0,https://www.basketball-reference.com/leagues/NBA_2024_advanced.html,https://www.basketball-reference.com/draft/NBA_2022.html
2022,42,Trevor Keels,keelstr01,2022-23,3.7,0.0,https://www.basketball-reference.com/leagues/NBA_2023_advanced.html,https://www.basketball-reference.com/draft/NBA_2022.html
2022,43,Moussa Diabaté,diabamo01,2022-23,14.2,0.4,https://www.basketball-reference.com/leagues/NBA_2023_advanced.html,https://www.basketball-reference.com/draft/NBA_2022.html
2022,44,Ryan Rollins,rolliry01,2022-23,-1.4,-0.3,https://www.basketball-reference.com/leagues/NBA_2023_advanced.html,https://www.basketball-reference.com/draft/NBA_2022.html
2022,45,Josh Minott,minotjo01,2022-23,17.9,0.3,https://www.basketball-reference.com/leagues/NBA_2023_advanced.html,https://www.basketball-reference.com/draft/NBA_2022.html
2022,46,Ismael Kamagate,kamagis01,,,,,https://www.basketball-reference.com/draft/NBA_2022.html
2022,47,Vince Williams Jr.,willivi01,2022-23,3.9,-0.1,https://www.basketball-reference.com/leagues/NBA_2023_advanced.html,https://www.basketball-reference.com/draft/NBA_2022.html
2022,48,Kendall Brown,brownke03,2022-23,9.1,0.1,https://www.basketball-reference.com/leagues/NBA_2023_advanced.html,https://www.basketball-reference.com/draft/NBA_2022.html
2022,49,Isaiah Mobley,mobleis01,2022-23,14.1,0.2,https://www.basketball-reference.com/leagues/NBA_2023_advanced.html,https://www.basketball-reference.com/draft/NBA_2022.html
2022,50,Matteo Spagnolo,spagnma01,,,,,https://www.basketball-reference.com/draft/NBA_2022.html
2022,51,Tyrese Martin,martity01,2022-23,7.7,0.0,https://www.basketball-reference.com/leagues/NBA_2023_advanced.html,https://www.basketball-reference.com/draft/NBA_2022.html
2022,52,Karlo Matković,matkoka01,2024-25,15.6,1.6,https://www.basketball-reference.com/leagues/NBA_2025_advanced.html,https://www.basketball-reference.com/draft/NBA_2022.html
2022,53,JD Davison,davisjd01,2022-23,10.1,0.1,https://www.basketball-reference.com/leagues/NBA_2023_advanced.html,https://www.basketball-reference.com/draft/NBA_2022.html
2022,54,Yannick Nzosa,nzosaya01,,,,,https://www.basketball-reference.com/draft/NBA_2022.html
2022,55,Gui Santos,santogu01,2023-24,15.6,0.7,https://www.basketball-reference.com/leagues/NBA_2024_advanced.html,https://www.basketball-reference.com/draft/NBA_2022.html
2022,56,Luke Travers,travelu01,2024-25,1.9,-0.1,https://www.basketball-reference.com/leagues/NBA_2025_advanced.html,https://www.basketball-reference.com/draft/NBA_2022.html
2022,57,Jabari Walker,walkeja01,2022-23,9.6,0.2,https://www.basketball-reference.com/leagues/NBA_2023_advanced.html,https://www.basketball-reference.com/draft/NBA_2022.html
2022,58,Hugo Besson,bessohu01,,,,,https://www.basketball-reference.com/draft/NBA_2022.html
2023,1,Victor Wembanyama,wembavi01,2023-24,23.1,3.7,https://www.basketball-reference.com/leagues/NBA_2024_advanced.html,https://www.basketball-reference.com/draft/NBA_2023.html
2023,2,Brandon Miller,millebr02,2023-24,13.0,0.8,https://www.basketball-reference.com/leagues/NBA_2024_advanced.html,https://www.basketball-reference.com/draft/NBA_2023.html
2023,3,Scoot Henderson,hendesc01,2023-24,9.5,-1.7,https://www.basketball-reference.com/leagues/NBA_2024_advanced.html,https://www.basketball-reference.com/draft/NBA_2023.html
2023,4,Amen Thompson,thompam01,2023-24,18.2,4.3,https://www.basketball-reference.com/leagues/NBA_2024_advanced.html,https://www.basketball-reference.com/draft/NBA_2023.html
2023,5,Ausar Thompson,thompau01,2023-24,12.8,1.8,https://www.basketball-reference.com/leagues/NBA_2024_advanced.html,https://www.basketball-reference.com/draft/NBA_2023.html
2023,6,Anthony Black,blackan01,2023-24,8.4,1.6,https://www.basketball-reference.com/leagues/NBA_2024_advanced.html,https://www.basketball-reference.com/draft/NBA_2023.html
2023,7,Bilal Coulibaly,coulibi01,2023-24,8.9,0.4,https://www.basketball-reference.com/leagues/NBA_2024_advanced.html,https://www.basketball-reference.com/draft/NBA_2023.html
2023,8,Jarace Walker,walkeja02,2023-24,11.8,0.4,https://www.basketball-reference.com/leagues/NBA_2024_advanced.html,https://www.basketball-reference.com/draft/NBA_2023.html
2023,9,Taylor Hendricks,hendrta01,2023-24,11.8,1.2,https://www.basketball-reference.com/leagues/NBA_2024_advanced.html,https://www.basketball-reference.com/draft/NBA_2023.html
2023,10,Cason Wallace,wallaca01,2023-24,12.0,4.0,https://www.basketball-reference.com/leagues/NBA_2024_advanced.html,https://www.basketball-reference.com/draft/NBA_2023.html
2023,11,Jett Howard,howarje01,2023-24,8.6,0.0,https://www.basketball-reference.com/leagues/NBA_2024_advanced.html,https://www.basketball-reference.com/draft/NBA_2023.html
2023,12,Dereck Lively II,livelde01,2023-24,18.1,4.9,https://www.basketball-reference.com/leagues/NBA_2024_advanced.html,https://www.basketball-reference.com/draft/NBA_2023.html
2023,13,Gradey Dick,dickgr01,2023-24,8.9,0.3,https://www.basketball-reference.com/leagues/NBA_2024_advanced.html,https://www.basketball-reference.com/draft/NBA_2023.html
2023,14,Jordan Hawkins,hawkijo01,2023-24,10.2,1.3,https://www.basketball-reference.com/leagues/NBA_2024_advanced.html,https://www.basketball-reference.com/draft/NBA_2023.html
2023,15,Kobe Bufkin,bufkiko01,2023-24,9.1,-0.1,https://www.basketball-reference.com/leagues/NBA_2024_advanced.html,https://www.basketball-reference.com/draft/NBA_2023.html
2023,16,Keyonte George,georgke01,2023-24,10.4,-0.3,https://www.basketball-reference.com/leagues/NBA_2024_advanced.html,https://www.basketball-reference.com/draft/NBA_2023.html
2023,17,Jalen Hood-Schifino,hoodsja01,2023-24,-1.5,-0.5,https://www.basketball-reference.com/leagues/NBA_2024_advanced.html,https://www.basketball-reference.com/draft/NBA_2023.html
2023,18,Jaime Jaquez Jr.,jaqueja01,2023-24,12.9,4.0,https://www.basketball-reference.com/leagues/NBA_2024_advanced.html,https://www.basketball-reference.com/draft/NBA_2023.html
2023,19,Brandin Podziemski,podzibr01,2023-24,13.0,4.1,https://www.basketball-reference.com/leagues/NBA_2024_advanced.html,https://www.basketball-reference.com/draft/NBA_2023.html
2023,20,Cam Whitmore,whitmca01,2023-24,16.6,1.5,https://www.basketball-reference.com/leagues/NBA_2024_advanced.html,https://www.basketball-reference.com/draft/NBA_2023.html
2023,21,Noah Clowney,clownno01,2023-24,14.2,0.9,https://www.basketball-reference.com/leagues/NBA_2024_advanced.html,https://www.basketball-reference.com/draft/NBA_2023.html
2023,22,Dariq Whitehead,whiteda01,2023-24,4.9,0.0,https://www.basketball-reference.com/leagues/NBA_2024_advanced.html,https://www.basketball-reference.com/draft/NBA_2023.html
2023,23,Kris Murray,murrakr01,2023-24,9.0,0.7,https://www.basketball-reference.com/leagues/NBA_2024_advanced.html,https://www.basketball-reference.com/draft/NBA_2023.html
2023,24,Olivier-Maxence Prosper,prospol01,2023-24,11.6,0.5,https://www.basketball-reference.com/leagues/NBA_2024_advanced.html,https://www.basketball-reference.com/draft/NBA_2023.html
2023,25,Marcus Sasser,sassema01,2023-24,11.8,0.9,https://www.basketball-reference.com/leagues/NBA_2024_advanced.html,https://www.basketball-reference.com/draft/NBA_2023.html
2023,26,Ben Sheppard,sheppbe01,2023-24,8.1,0.8,https://www.basketball-reference.com/leagues/NBA_2024_advanced.html,https://www.basketball-reference.com/draft/NBA_2023.html
2023,27,Nick Smith Jr.,smithni01,2023-24,8.1,-0.5,https://www.basketball-reference.com/leagues/NBA_2024_advanced.html,https://www.basketball-reference.com/draft/NBA_2023.html
2023,28,Brice Sensabaugh,sensabr01,2023-24,8.6,-0.3,https://www.basketball-reference.com/leagues/NBA_2024_advanced.html,https://www.basketball-reference.com/draft/NBA_2023.html
2023,29,Julian Strawther,strawju01,2023-24,8.2,0.2,https://www.basketball-reference.com/leagues/NBA_2024_advanced.html,https://www.basketball-reference.com/draft/NBA_2023.html
2023,30,Kobe Brown,brownko01,2023-24,7.6,0.5,https://www.basketball-reference.com/leagues/NBA_2024_advanced.html,https://www.basketball-reference.com/draft/NBA_2023.html
2023,31,James Nnaji,nnajija01,,,,,https://www.basketball-reference.com/draft/NBA_2023.html
2023,32,Jalen Pickett,pickeja02,2023-24,9.7,0.2,https://www.basketball-reference.com/leagues/NBA_2024_advanced.html,https://www.basketball-reference.com/draft/NBA_2023.html
2023,33,Leonard Miller,millele01,2023-24,27.0,0.3,https://www.basketball-reference.com/leagues/NBA_2024_advanced.html,https://www.basketball-reference.com/draft/NBA_2023.html
2023,34,Colby Jones,jonesco02,2023-24,8.9,0.0,https://www.basketball-reference.com/leagues/NBA_2024_advanced.html,https://www.basketball-reference.com/draft/NBA_2023.html
2023,35,Julian Phillips,phillju01,2023-24,7.0,0.2,https://www.basketball-reference.com/leagues/NBA_2024_advanced.html,https://www.basketball-reference.com/draft/NBA_2023.html
2023,36,Andre Jackson Jr.,jacksan01,2023-24,8.5,1.0,https://www.basketball-reference.com/leagues/NBA_2024_advanced.html,https://www.basketball-reference.com/draft/NBA_2023.html
2023,37,Hunter Tyson,tysonhu01,2023-24,6.0,0.0,https://www.basketball-reference.com/leagues/NBA_2024_advanced.html,https://www.basketball-reference.com/draft/NBA_2023.html
2023,38,Jordan Walsh,walshjo01,2023-24,8.4,0.2,https://www.basketball-reference.com/leagues/NBA_2024_advanced.html,https://www.basketball-reference.com/draft/NBA_2023.html
2023,39,Mouhamed Gueye,gueyemo02,2023-24,15.0,0.2,https://www.basketball-reference.com/leagues/NBA_2024_advanced.html,https://www.basketball-reference.com/draft/NBA_2023.html
2023,40,Maxwell Lewis,lewisma05,2023-24,-3.9,-0.4,https://www.basketball-reference.com/leagues/NBA_2024_advanced.html,https://www.basketball-reference.com/draft/NBA_2023.html
2023,41,Amari Bailey,baileam01,2023-24,9.7,-0.1,https://www.basketball-reference.com/leagues/NBA_2024_advanced.html,https://www.basketball-reference.com/draft/NBA_2023.html
2023,42,Tristan Vukcevic,vukcetr01,2023-24,13.9,0.1,https://www.basketball-reference.com/leagues/NBA_2024_advanced.html,https://www.basketball-reference.com/draft/NBA_2023.html
2023,43,Rayan Rupert,ruperra01,2023-24,5.8,-0.1,https://www.basketball-reference.com/leagues/NBA_2024_advanced.html,https://www.basketball-reference.com/draft/NBA_2023.html
2023,44,Sidy Cissoko,cissosi01,2023-24,12.0,0.3,https://www.basketball-reference.com/leagues/NBA_2024_advanced.html,https://www.basketball-reference.com/draft/NBA_2023.html
2023,45,GG Jackson II,jacksgg01,2023-24,13.7,1.2,https://www.basketball-reference.com/leagues/NBA_2024_advanced.html,https://www.basketball-reference.com/draft/NBA_2023.html
2023,46,Seth Lundy,lundyse01,2023-24,0.0,-0.1,https://www.basketball-reference.com/leagues/NBA_2024_advanced.html,https://www.basketball-reference.com/draft/NBA_2023.html
2023,47,Mojave King,kingmo01,,,,,https://www.basketball-reference.com/draft/NBA_2023.html
2023,48,Jordan Miller,millejo02,2023-24,14.1,0.1,https://www.basketball-reference.com/leagues/NBA_2024_advanced.html,https://www.basketball-reference.com/draft/NBA_2023.html
2023,49,Emoni Bates,batesem01,2023-24,2.6,-0.3,https://www.basketball-reference.com/leagues/NBA_2024_advanced.html,https://www.basketball-reference.com/draft/NBA_2023.html
2023,50,Keyontae Johnson,johnske08,2023-24,1.6,-0.1,https://www.basketball-reference.com/leagues/NBA_2024_advanced.html,https://www.basketball-reference.com/draft/NBA_2023.html
2023,51,Jalen Wilson,wilsoja03,2023-24,10.8,1.1,https://www.basketball-reference.com/leagues/NBA_2024_advanced.html,https://www.basketball-reference.com/draft/NBA_2023.html
2023,52,Toumani Camara,camarto01,2023-24,10.6,2.0,https://www.basketball-reference.com/leagues/NBA_2024_advanced.html,https://www.basketball-reference.com/draft/NBA_2023.html
2023,53,Jaylen Clark,clarkja02,2024-25,12.0,1.6,https://www.basketball-reference.com/leagues/NBA_2025_advanced.html,https://www.basketball-reference.com/draft/NBA_2023.html
2023,54,Jalen Slawson,slawsja01,2023-24,6.6,0.0,https://www.basketball-reference.com/leagues/NBA_2024_advanced.html,https://www.basketball-reference.com/draft/NBA_2023.html
2023,55,Isaiah Wong,wongis01,2023-24,-1.1,0.0,https://www.basketball-reference.com/leagues/NBA_2024_advanced.html,https://www.basketball-reference.com/draft/NBA_2023.html
2023,56,Tarik Biberovic,biberta01,,,,,https://www.basketball-reference.com/draft/NBA_2023.html
2023,57,Trayce Jackson-Davis,jackstr02,2023-24,21.6,4.8,https://www.basketball-reference.com/leagues/NBA_2024_advanced.html,https://www.basketball-reference.com/draft/NBA_2023.html
2023,58,Chris Livingston,livinch01,2023-24,6.9,0.1,https://www.basketball-reference.com/leagues/NBA_2024_advanced.html,https://www.basketball-reference.com/draft/NBA_2023.html
